city,response received
shakhrinau,shakhrinau does not exist in OpenWeatherMap.
maimon,maimon does not exist in OpenWeatherMap.
belushya guba,belushya guba does not exist in OpenWeatherMap.
ciras,ciras does not exist in OpenWeatherMap.
okandja,okandja does not exist in OpenWeatherMap.
marcona,marcona does not exist in OpenWeatherMap.
satitoa,satitoa does not exist in OpenWeatherMap.
kazalinsk,kazalinsk does not exist in OpenWeatherMap.
ksenyevka,ksenyevka does not exist in OpenWeatherMap.
illoqqortoormiut,illoqqortoormiut does not exist in OpenWeatherMap.
amderma,amderma does not exist in OpenWeatherMap.
hendijan,hendijan does not exist in OpenWeatherMap.
uk,uk does not exist in OpenWeatherMap.
candawaga,candawaga does not exist in OpenWeatherMap.
samusu,samusu does not exist in OpenWeatherMap.
barentsburg,barentsburg does not exist in OpenWeatherMap.
taolanaro,taolanaro does not exist in OpenWeatherMap.
vaitupu,vaitupu does not exist in OpenWeatherMap.
sataua,sataua does not exist in OpenWeatherMap.
tsihombe,tsihombe does not exist in OpenWeatherMap.
mys shmidta,mys shmidta does not exist in OpenWeatherMap.
lolua,lolua does not exist in OpenWeatherMap.
saleaula,saleaula does not exist in OpenWeatherMap.
samalaeulu,samalaeulu does not exist in OpenWeatherMap.
kegayli,kegayli does not exist in OpenWeatherMap.
sentyabrskiy,sentyabrskiy does not exist in OpenWeatherMap.
phan rang,phan rang does not exist in OpenWeatherMap.
ust-kamchatsk,ust-kamchatsk does not exist in OpenWeatherMap.
nizhneyansk,nizhneyansk does not exist in OpenWeatherMap.
grande-riviere,grande-riviere does not exist in OpenWeatherMap.
crab hill,crab hill does not exist in OpenWeatherMap.
bolungarvik,bolungarvik does not exist in OpenWeatherMap.
viligili,viligili does not exist in OpenWeatherMap.
tambul,tambul does not exist in OpenWeatherMap.
barawe,barawe does not exist in OpenWeatherMap.
buqayq,buqayq does not exist in OpenWeatherMap.
aflu,aflu does not exist in OpenWeatherMap.
nguiu,nguiu does not exist in OpenWeatherMap.
galgani,galgani does not exist in OpenWeatherMap.
attawapiskat,attawapiskat does not exist in OpenWeatherMap.
kamenskoye,kamenskoye does not exist in OpenWeatherMap.
chagda,chagda does not exist in OpenWeatherMap.
khonuu,khonuu does not exist in OpenWeatherMap.
saryshagan,saryshagan does not exist in OpenWeatherMap.
umzimvubu,umzimvubu does not exist in OpenWeatherMap.
skagastrond,skagastrond does not exist in OpenWeatherMap.
toliary,toliary does not exist in OpenWeatherMap.
grand river south east,grand river south east does not exist in OpenWeatherMap.
mrirt,mrirt does not exist in OpenWeatherMap.
warqla,warqla does not exist in OpenWeatherMap.
